{
  "project_info": {
    "project_number": "21398518517",
    "project_id": "shareme-c0b3d",
    "storage_bucket": "shareme-c0b3d.appspot.com"
  },
  "client": [
    {
      "client_info": {
        "mobilesdk_app_id": "1:21398518517:android:d0494f29233ae8db1323bc",
        "android_client_info": {
          "package_name": "com.example.shareme"
        }
      },
      "oauth_client": [
        {
          "client_id": "21398518517-hetd6nuvphghep2o0h9qin2ogb3e6o8a.apps.googleusercontent.com",
          "client_type": 3
        }
      ],
      "api_key": [
        {
          "current_key": "AIzaSyDgGt1TjU9sYFJH09cFvdcL4T2ogLHeuug"
        }
      ],
      "services": {
        "appinvite_service": {
          "other_platform_oauth_client": [
            {
              "client_id": "21398518517-hetd6nuvphghep2o0h9qin2ogb3e6o8a.apps.googleusercontent.com",
              "client_type": 3
            }
          ]
        }
      }
    }
  ],
  "configuration_version": "1"
}